fecha,commit,detector_incendio,detector_goteo,duracion_s,caso,clase,n_turnos,incendio,T_R_turno,etiquetas_incendio,etiquetas_esperadas,cobertura_etiquetas,goteo,T_A_turno,umbral_goteo,L_R_turnos,latencia_decision_turno,T_C_turno,L_C_turnos,puntaje_max,puntajes,falsa_alarma,terminos_criticos,memoria_pico_mb,typo_ok,robusto_upper,robusto_tildes,robusto_muletilla,nota,turnos_zona_gris,memoria_slm_mb
2026-09-28T13:01:47+00:00,9898033a6f4f572f46e61a913a8f72cfcfcc172d+cambios-sin-commit,reglas,cascada:pysentimiento/robertuito-base-uncased+LR->llama3.2:1b-instruct-q4_K_M,623.536,vishing/banco-codigo.txt,V,7,1,5,REQUEST_AUTH_CODE,REQUEST_AUTH_CODE,1,0,,0.5,,5,,,0.145,"t1=0.071,t2=0.005,t3=0.07,t4=0.069,t5=0.145,t6=0.066,t7=0.0",0,codigo,880.1,1,1,1,1,"Modo texto. Cabeza LR entrenada con semillas provisorias (turnos ASR de 8 grabaciones AR de YouTube distintas de las de evaluacion + ES-Port legitimo), ver semillas_manifiesto.json. Zona gris 0.35-0.75 (ejemplo de PR #40, sin calibrar): ahi puntua el SLM con historial. No cierra D09. T_A = turno de goteo. T_R = primer incendio. Sin audio: T_C, L_C, Preventive@δ, WER y RTF no aplican.",1/7,
2026-09-28T13:01:47+00:00,9898033a6f4f572f46e61a913a8f72cfcfcc172d+cambios-sin-commit,reglas,cascada:pysentimiento/robertuito-base-uncased+LR->llama3.2:1b-instruct-q4_K_M,623.536,vishing/whatsapp-codigo.txt,V,5,1,3,REQUEST_AUTH_CODE,REQUEST_AUTH_CODE,1,0,,0.5,,3,,,0.166,"t1=0.017,t2=0.079,t3=0.134,t4=0.078,t5=0.166",0,codigo,880.1,1,1,1,1,"Modo texto. Cabeza LR entrenada con semillas provisorias (turnos ASR de 8 grabaciones AR de YouTube distintas de las de evaluacion + ES-Port legitimo), ver semillas_manifiesto.json. Zona gris 0.35-0.75 (ejemplo de PR #40, sin calibrar): ahi puntua el SLM con historial. No cierra D09. T_A = turno de goteo. T_R = primer incendio. Sin audio: T_C, L_C, Preventive@δ, WER y RTF no aplican.",0/5,
2026-09-28T13:01:47+00:00,9898033a6f4f572f46e61a913a8f72cfcfcc172d+cambios-sin-commit,reglas,cascada:pysentimiento/robertuito-base-uncased+LR->llama3.2:1b-instruct-q4_K_M,623.536,vishing/acceso-remoto.txt,V,5,1,3,REQUEST_REMOTE_ACCESS,REQUEST_REMOTE_ACCESS,1,1,4,0.5,-1,3,,,0.92,"t1=0.0,t2=0.23,t3=0.92,t4=0.013,t5=0.072",0,,880.1,1,1,1,1,"Modo texto. Cabeza LR entrenada con semillas provisorias (turnos ASR de 8 grabaciones AR de YouTube distintas de las de evaluacion + ES-Port legitimo), ver semillas_manifiesto.json. Zona gris 0.35-0.75 (ejemplo de PR #40, sin calibrar): ahi puntua el SLM con historial. No cierra D09. T_A = turno de goteo. T_R = primer incendio. Sin audio: T_C, L_C, Preventive@δ, WER y RTF no aplican.",1/5,
2026-09-28T13:01:47+00:00,9898033a6f4f572f46e61a913a8f72cfcfcc172d+cambios-sin-commit,reglas,cascada:pysentimiento/robertuito-base-uncased+LR->llama3.2:1b-instruct-q4_K_M,623.536,vishing/anses-beneficio.txt,V,5,1,3,REQUEST_SECRET|REQUEST_TRANSFER,REQUEST_SECRET|REQUEST_TRANSFER,1,0,,0.5,,3,,,0.309,"t1=0.0,t2=0.039,t3=0.309,t4=0.039,t5=0.019",0,,880.1,1,1,1,1,"Modo texto. Cabeza LR entrenada con semillas provisorias (turnos ASR de 8 grabaciones AR de YouTube distintas de las de evaluacion + ES-Port legitimo), ver semillas_manifiesto.json. Zona gris 0.35-0.75 (ejemplo de PR #40, sin calibrar): ahi puntua el SLM con historial. No cierra D09. T_A = turno de goteo. T_R = primer incendio. Sin audio: T_C, L_C, Preventive@δ, WER y RTF no aplican.",1/5,
2026-09-28T13:01:47+00:00,9898033a6f4f572f46e61a913a8f72cfcfcc172d+cambios-sin-commit,reglas,cascada:pysentimiento/robertuito-base-uncased+LR->llama3.2:1b-instruct-q4_K_M,623.536,vishing/arca-deuda.txt,V,5,1,3,REQUEST_SECRET|REQUEST_SECURITY_ACTION|REQUEST_TRANSFER,REQUEST_SECRET|REQUEST_SECURITY_ACTION|REQUEST_TRANSFER,1,1,2,0.5,1,2,,,0.994,"t1=0.994,t2=0.203,t3=0.964,t4=0.015,t5=0.0",0,,880.1,1,1,1,1,"Modo texto. Cabeza LR entrenada con semillas provisorias (turnos ASR de 8 grabaciones AR de YouTube distintas de las de evaluacion + ES-Port legitimo), ver semillas_manifiesto.json. Zona gris 0.35-0.75 (ejemplo de PR #40, sin calibrar): ahi puntua el SLM con historial. No cierra D09. T_A = turno de goteo. T_R = primer incendio. Sin audio: T_C, L_C, Preventive@δ, WER y RTF no aplican.",1/5,
2026-09-28T13:01:47+00:00,9898033a6f4f572f46e61a913a8f72cfcfcc172d+cambios-sin-commit,reglas,cascada:pysentimiento/robertuito-base-uncased+LR->llama3.2:1b-instruct-q4_K_M,623.536,vishing/familiar-peligro.txt,V,6,1,4,REQUEST_TRANSFER,REQUEST_TRANSFER,1,1,2,0.5,2,2,,,0.81,"t1=0.81,t2=0.28,t3=0.05,t4=0.0,t5=0.046,t6=0.209",0,,880.1,1,1,0,1,"Modo texto. Cabeza LR entrenada con semillas provisorias (turnos ASR de 8 grabaciones AR de YouTube distintas de las de evaluacion + ES-Port legitimo), ver semillas_manifiesto.json. Zona gris 0.35-0.75 (ejemplo de PR #40, sin calibrar): ahi puntua el SLM con historial. No cierra D09. T_A = turno de goteo. T_R = primer incendio. Sin audio: T_C, L_C, Preventive@δ, WER y RTF no aplican.",1/6,
2026-09-28T13:01:47+00:00,9898033a6f4f572f46e61a913a8f72cfcfcc172d+cambios-sin-commit,reglas,cascada:pysentimiento/robertuito-base-uncased+LR->llama3.2:1b-instruct-q4_K_M,623.536,vishing/banco-codigo-parafrasis.txt,V,7,1,5,REQUEST_AUTH_CODE,REQUEST_AUTH_CODE,1,0,,0.5,,5,,,0.235,"t1=0.0,t2=0.0,t3=0.009,t4=0.193,t5=0.235,t6=0.073,t7=0.125",0,codigo,880.1,1,1,1,1,"Modo texto. Cabeza LR entrenada con semillas provisorias (turnos ASR de 8 grabaciones AR de YouTube distintas de las de evaluacion + ES-Port legitimo), ver semillas_manifiesto.json. Zona gris 0.35-0.75 (ejemplo de PR #40, sin calibrar): ahi puntua el SLM con historial. No cierra D09. T_A = turno de goteo. T_R = primer incendio. Sin audio: T_C, L_C, Preventive@δ, WER y RTF no aplican.",2/7,
2026-09-28T13:01:47+00:00,9898033a6f4f572f46e61a913a8f72cfcfcc172d+cambios-sin-commit,reglas,cascada:pysentimiento/robertuito-base-uncased+LR->llama3.2:1b-instruct-q4_K_M,623.536,vishing/banco-numeros-sin-clave.txt,V,7,1,5,REQUEST_AUTH_CODE,REQUEST_AUTH_CODE,1,0,,0.5,,5,,,0.341,"t1=0.302,t2=0.039,t3=0.002,t4=0.0,t5=0.162,t6=0.341,t7=0.036",0,,880.1,1,1,1,1,"Modo texto. Cabeza LR entrenada con semillas provisorias (turnos ASR de 8 grabaciones AR de YouTube distintas de las de evaluacion + ES-Port legitimo), ver semillas_manifiesto.json. Zona gris 0.35-0.75 (ejemplo de PR #40, sin calibrar): ahi puntua el SLM con historial. No cierra D09. T_A = turno de goteo. T_R = primer incendio. Sin audio: T_C, L_C, Preventive@δ, WER y RTF no aplican.",1/7,
2026-09-28T13:01:47+00:00,9898033a6f4f572f46e61a913a8f72cfcfcc172d+cambios-sin-commit,reglas,cascada:pysentimiento/robertuito-base-uncased+LR->llama3.2:1b-instruct-q4_K_M,623.536,vishing/acceso-remoto-parafrasis.txt,V,5,1,3,REQUEST_REMOTE_ACCESS,REQUEST_REMOTE_ACCESS,1,1,2,0.5,1,2,,,0.93,"t1=0.93,t2=0.0,t3=0.0,t4=0.063,t5=0.038",0,,880.1,1,1,1,1,"Modo texto. Cabeza LR entrenada con semillas provisorias (turnos ASR de 8 grabaciones AR de YouTube distintas de las de evaluacion + ES-Port legitimo), ver semillas_manifiesto.json. Zona gris 0.35-0.75 (ejemplo de PR #40, sin calibrar): ahi puntua el SLM con historial. No cierra D09. T_A = turno de goteo. T_R = primer incendio. Sin audio: T_C, L_C, Preventive@δ, WER y RTF no aplican.",2/5,
2026-09-28T13:01:47+00:00,9898033a6f4f572f46e61a913a8f72cfcfcc172d+cambios-sin-commit,reglas,cascada:pysentimiento/robertuito-base-uncased+LR->llama3.2:1b-instruct-q4_K_M,623.536,vishing/anses-beneficio-parafrasis.txt,V,5,1,3,REQUEST_SECRET|REQUEST_TRANSFER,REQUEST_SECRET|REQUEST_TRANSFER,1,0,,0.5,,3,,,0.18,"t1=0.0,t2=0.18,t3=0.172,t4=0.061,t5=0.006",0,,880.1,1,1,1,1,"Modo texto. Cabeza LR entrenada con semillas provisorias (turnos ASR de 8 grabaciones AR de YouTube distintas de las de evaluacion + ES-Port legitimo), ver semillas_manifiesto.json. Zona gris 0.35-0.75 (ejemplo de PR #40, sin calibrar): ahi puntua el SLM con historial. No cierra D09. T_A = turno de goteo. T_R = primer incendio. Sin audio: T_C, L_C, Preventive@δ, WER y RTF no aplican.",1/5,
2026-09-28T13:01:47+00:00,9898033a6f4f572f46e61a913a8f72cfcfcc172d+cambios-sin-commit,reglas,cascada:pysentimiento/robertuito-base-uncased+LR->llama3.2:1b-instruct-q4_K_M,623.536,vishing/arca-deuda-parafrasis.txt,V,5,1,5,REQUEST_TRANSFER,REQUEST_TRANSFER,1,1,2,0.5,3,2,,,0.829,"t1=0.829,t2=0.22,t3=0.0,t4=0.0,t5=0.103",0,,880.1,1,1,1,1,"Modo texto. Cabeza LR entrenada con semillas provisorias (turnos ASR de 8 grabaciones AR de YouTube distintas de las de evaluacion + ES-Port legitimo), ver semillas_manifiesto.json. Zona gris 0.35-0.75 (ejemplo de PR #40, sin calibrar): ahi puntua el SLM con historial. No cierra D09. T_A = turno de goteo. T_R = primer incendio. Sin audio: T_C, L_C, Preventive@δ, WER y RTF no aplican.",2/5,
2026-09-28T13:01:47+00:00,9898033a6f4f572f46e61a913a8f72cfcfcc172d+cambios-sin-commit,reglas,cascada:pysentimiento/robertuito-base-uncased+LR->llama3.2:1b-instruct-q4_K_M,623.536,vishing/familiar-peligro-parafrasis.txt,V,6,1,6,REQUEST_TRANSFER,REQUEST_TRANSFER,1,1,3,0.5,3,3,,,0.778,"t1=0.0,t2=0.778,t3=0.009,t4=0.174,t5=0.171,t6=0.027",0,,880.1,1,1,0,0,"Modo texto. Cabeza LR entrenada con semillas provisorias (turnos ASR de 8 grabaciones AR de YouTube distintas de las de evaluacion + ES-Port legitimo), ver semillas_manifiesto.json. Zona gris 0.35-0.75 (ejemplo de PR #40, sin calibrar): ahi puntua el SLM con historial. No cierra D09. T_A = turno de goteo. T_R = primer incendio. Sin audio: T_C, L_C, Preventive@δ, WER y RTF no aplican.",1/6,
2026-09-28T13:01:47+00:00,9898033a6f4f572f46e61a913a8f72cfcfcc172d+cambios-sin-commit,reglas,cascada:pysentimiento/robertuito-base-uncased+LR->llama3.2:1b-instruct-q4_K_M,623.536,vishing/whatsapp-codigo-parafrasis.txt,V,5,1,3,REQUEST_AUTH_CODE,REQUEST_AUTH_CODE,1,0,,0.5,,3,,,0.104,"t1=0.0,t2=0.002,t3=0.032,t4=0.104,t5=0.104",0,codigo,880.1,1,1,1,1,"Modo texto. Cabeza LR entrenada con semillas provisorias (turnos ASR de 8 grabaciones AR de YouTube distintas de las de evaluacion + ES-Port legitimo), ver semillas_manifiesto.json. Zona gris 0.35-0.75 (ejemplo de PR #40, sin calibrar): ahi puntua el SLM con historial. No cierra D09. T_A = turno de goteo. T_R = primer incendio. Sin audio: T_C, L_C, Preventive@δ, WER y RTF no aplican.",1/5,
2026-09-28T13:01:47+00:00,9898033a6f4f572f46e61a913a8f72cfcfcc172d+cambios-sin-commit,reglas,cascada:pysentimiento/robertuito-base-uncased+LR->llama3.2:1b-instruct-q4_K_M,623.536,legitima/banco-revisa-app.txt,L,5,0,,,,,0,,0.5,,,,,0.791,"t1=0.0,t2=0.0,t3=0.0,t4=0.048,t5=0.791",0,,880.1,1,1,1,0,"Modo texto. Cabeza LR entrenada con semillas provisorias (turnos ASR de 8 grabaciones AR de YouTube distintas de las de evaluacion + ES-Port legitimo), ver semillas_manifiesto.json. Zona gris 0.35-0.75 (ejemplo de PR #40, sin calibrar): ahi puntua el SLM con historial. No cierra D09. T_A = turno de goteo. T_R = primer incendio. Sin audio: T_C, L_C, Preventive@δ, WER y RTF no aplican.",3/5,
2026-09-28T13:01:47+00:00,9898033a6f4f572f46e61a913a8f72cfcfcc172d+cambios-sin-commit,reglas,cascada:pysentimiento/robertuito-base-uncased+LR->llama3.2:1b-instruct-q4_K_M,623.536,legitima/mensajeria-no-pases-nada.txt,L,5,0,,,,,0,,0.5,,,,,0.291,"t1=0.291,t2=0.007,t3=0.146,t4=0.13,t5=0.093",0,,880.1,1,1,1,1,"Modo texto. Cabeza LR entrenada con semillas provisorias (turnos ASR de 8 grabaciones AR de YouTube distintas de las de evaluacion + ES-Port legitimo), ver semillas_manifiesto.json. Zona gris 0.35-0.75 (ejemplo de PR #40, sin calibrar): ahi puntua el SLM con historial. No cierra D09. T_A = turno de goteo. T_R = primer incendio. Sin audio: T_C, L_C, Preventive@δ, WER y RTF no aplican.",0/5,
2026-09-28T13:01:47+00:00,9898033a6f4f572f46e61a913a8f72cfcfcc172d+cambios-sin-commit,reglas,cascada:pysentimiento/robertuito-base-uncased+LR->llama3.2:1b-instruct-q4_K_M,623.536,legitima/no-bajes-nada.txt,L,4,0,,,,,1,4,0.5,,4,,,0.887,"t1=0.0,t2=0.034,t3=0.887,t4=0.066",1,,880.1,1,0,1,1,"Modo texto. Cabeza LR entrenada con semillas provisorias (turnos ASR de 8 grabaciones AR de YouTube distintas de las de evaluacion + ES-Port legitimo), ver semillas_manifiesto.json. Zona gris 0.35-0.75 (ejemplo de PR #40, sin calibrar): ahi puntua el SLM con historial. No cierra D09. T_A = turno de goteo. T_R = primer incendio. Sin audio: T_C, L_C, Preventive@δ, WER y RTF no aplican.",1/4,
2026-09-28T13:01:47+00:00,9898033a6f4f572f46e61a913a8f72cfcfcc172d+cambios-sin-commit,reglas,cascada:pysentimiento/robertuito-base-uncased+LR->llama3.2:1b-instruct-q4_K_M,623.536,legitima/anses-canal-oficial.txt,L,5,0,,,,,0,,0.5,,,,,0.222,"t1=0.055,t2=0.0,t3=0.027,t4=0.222,t5=0.021",0,,880.1,1,1,1,1,"Modo texto. Cabeza LR entrenada con semillas provisorias (turnos ASR de 8 grabaciones AR de YouTube distintas de las de evaluacion + ES-Port legitimo), ver semillas_manifiesto.json. Zona gris 0.35-0.75 (ejemplo de PR #40, sin calibrar): ahi puntua el SLM con historial. No cierra D09. T_A = turno de goteo. T_R = primer incendio. Sin audio: T_C, L_C, Preventive@δ, WER y RTF no aplican.",1/5,
2026-09-28T13:01:47+00:00,9898033a6f4f572f46e61a913a8f72cfcfcc172d+cambios-sin-commit,reglas,cascada:pysentimiento/robertuito-base-uncased+LR->llama3.2:1b-instruct-q4_K_M,623.536,legitima/arca-canal-oficial.txt,L,5,0,,,,,1,5,0.5,,5,,,0.503,"t1=0.191,t2=0.017,t3=0.156,t4=0.503,t5=0.052",1,,880.1,1,0,0,0,"Modo texto. Cabeza LR entrenada con semillas provisorias (turnos ASR de 8 grabaciones AR de YouTube distintas de las de evaluacion + ES-Port legitimo), ver semillas_manifiesto.json. Zona gris 0.35-0.75 (ejemplo de PR #40, sin calibrar): ahi puntua el SLM con historial. No cierra D09. T_A = turno de goteo. T_R = primer incendio. Sin audio: T_C, L_C, Preventive@δ, WER y RTF no aplican.",1/5,
2026-09-28T13:01:47+00:00,9898033a6f4f572f46e61a913a8f72cfcfcc172d+cambios-sin-commit,reglas,cascada:pysentimiento/robertuito-base-uncased+LR->llama3.2:1b-instruct-q4_K_M,623.536,legitima/familiar-llama-vos.txt,L,5,0,,,,,1,5,0.5,,5,,,0.833,"t1=0.097,t2=0.118,t3=0.0,t4=0.833,t5=0.0",1,,880.1,1,1,1,1,"Modo texto. Cabeza LR entrenada con semillas provisorias (turnos ASR de 8 grabaciones AR de YouTube distintas de las de evaluacion + ES-Port legitimo), ver semillas_manifiesto.json. Zona gris 0.35-0.75 (ejemplo de PR #40, sin calibrar): ahi puntua el SLM con historial. No cierra D09. T_A = turno de goteo. T_R = primer incendio. Sin audio: T_C, L_C, Preventive@δ, WER y RTF no aplican.",2/5,
2026-09-28T13:01:47+00:00,9898033a6f4f572f46e61a913a8f72cfcfcc172d+cambios-sin-commit,reglas,cascada:pysentimiento/robertuito-base-uncased+LR->llama3.2:1b-instruct-q4_K_M,623.536,legitima/banco-niega-el-codigo.txt,L,2,0,,,,,0,,0.5,,,,,0.197,"t1=0.06,t2=0.197",0,codigo,880.1,1,1,1,1,"Modo texto. Cabeza LR entrenada con semillas provisorias (turnos ASR de 8 grabaciones AR de YouTube distintas de las de evaluacion + ES-Port legitimo), ver semillas_manifiesto.json. Zona gris 0.35-0.75 (ejemplo de PR #40, sin calibrar): ahi puntua el SLM con historial. No cierra D09. T_A = turno de goteo. T_R = primer incendio. Sin audio: T_C, L_C, Preventive@δ, WER y RTF no aplican.",0/2,
2026-09-28T13:01:47+00:00,9898033a6f4f572f46e61a913a8f72cfcfcc172d+cambios-sin-commit,reglas,cascada:pysentimiento/robertuito-base-uncased+LR->llama3.2:1b-instruct-q4_K_M,623.536,legitima/banco-app-parafrasis.txt,L,5,0,,,,,1,2,0.5,,2,,,0.814,"t1=0.769,t2=0.0,t3=0.814,t4=0.009,t5=0.001",1,,880.1,1,1,1,1,"Modo texto. Cabeza LR entrenada con semillas provisorias (turnos ASR de 8 grabaciones AR de YouTube distintas de las de evaluacion + ES-Port legitimo), ver semillas_manifiesto.json. Zona gris 0.35-0.75 (ejemplo de PR #40, sin calibrar): ahi puntua el SLM con historial. No cierra D09. T_A = turno de goteo. T_R = primer incendio. Sin audio: T_C, L_C, Preventive@δ, WER y RTF no aplican.",1/5,
2026-09-28T13:01:47+00:00,9898033a6f4f572f46e61a913a8f72cfcfcc172d+cambios-sin-commit,reglas,cascada:pysentimiento/robertuito-base-uncased+LR->llama3.2:1b-instruct-q4_K_M,623.536,dificiles/vishing/digitos-sin-palabra.txt,V,5,0,,,REQUEST_AUTH_CODE,0,0,,0.5,,,,,0.312,"t1=0.312,t2=0.005,t3=0.02,t4=0.209,t5=0.244",0,,880.1,0,1,1,1,"Caso dificil (no entra al oracle). Modo texto. Cabeza LR entrenada con semillas provisorias (turnos ASR de 8 grabaciones AR de YouTube distintas de las de evaluacion + ES-Port legitimo), ver semillas_manifiesto.json. Zona gris 0.35-0.75 (ejemplo de PR #40, sin calibrar): ahi puntua el SLM con historial. No cierra D09. T_A = turno de goteo. T_R = primer incendio. Sin audio: T_C, L_C, Preventive@δ, WER y RTF no aplican.",0/5,
2026-09-28T13:01:47+00:00,9898033a6f4f572f46e61a913a8f72cfcfcc172d+cambios-sin-commit,reglas,cascada:pysentimiento/robertuito-base-uncased+LR->llama3.2:1b-instruct-q4_K_M,623.536,dificiles/vishing/pantalla-sin-programa.txt,V,5,0,,,REQUEST_REMOTE_ACCESS,0,1,4,0.5,,4,,,0.897,"t1=0.0,t2=0.0,t3=0.897,t4=0.121,t5=0.324",0,,880.1,0,1,1,1,"Caso dificil (no entra al oracle). Modo texto. Cabeza LR entrenada con semillas provisorias (turnos ASR de 8 grabaciones AR de YouTube distintas de las de evaluacion + ES-Port legitimo), ver semillas_manifiesto.json. Zona gris 0.35-0.75 (ejemplo de PR #40, sin calibrar): ahi puntua el SLM con historial. No cierra D09. T_A = turno de goteo. T_R = primer incendio. Sin audio: T_C, L_C, Preventive@δ, WER y RTF no aplican.",2/5,
2026-09-28T13:01:47+00:00,9898033a6f4f572f46e61a913a8f72cfcfcc172d+cambios-sin-commit,reglas,cascada:pysentimiento/robertuito-base-uncased+LR->llama3.2:1b-instruct-q4_K_M,623.536,dificiles/vishing/giro-sin-plata.txt,V,5,0,,,REQUEST_TRANSFER,0,0,,0.5,,,,,0.343,"t1=0.0,t2=0.0,t3=0.343,t4=0.093,t5=0.081",0,,880.1,0,1,1,0,"Caso dificil (no entra al oracle). Modo texto. Cabeza LR entrenada con semillas provisorias (turnos ASR de 8 grabaciones AR de YouTube distintas de las de evaluacion + ES-Port legitimo), ver semillas_manifiesto.json. Zona gris 0.35-0.75 (ejemplo de PR #40, sin calibrar): ahi puntua el SLM con historial. No cierra D09. T_A = turno de goteo. T_R = primer incendio. Sin audio: T_C, L_C, Preventive@δ, WER y RTF no aplican.",2/5,
2026-09-28T13:01:47+00:00,9898033a6f4f572f46e61a913a8f72cfcfcc172d+cambios-sin-commit,reglas,cascada:pysentimiento/robertuito-base-uncased+LR->llama3.2:1b-instruct-q4_K_M,623.536,dificiles/legitima/portero-codigo-puerta.txt,L,2,1,1,REQUEST_AUTH_CODE,,,0,,0.5,,1,,,0.213,"t1=0.11,t2=0.213",1,codigo,880.1,0,1,1,1,"Caso dificil (no entra al oracle). Modo texto. Cabeza LR entrenada con semillas provisorias (turnos ASR de 8 grabaciones AR de YouTube distintas de las de evaluacion + ES-Port legitimo), ver semillas_manifiesto.json. Zona gris 0.35-0.75 (ejemplo de PR #40, sin calibrar): ahi puntua el SLM con historial. No cierra D09. T_A = turno de goteo. T_R = primer incendio. Sin audio: T_C, L_C, Preventive@δ, WER y RTF no aplican.",0/2,
2026-09-28T13:01:47+00:00,9898033a6f4f572f46e61a913a8f72cfcfcc172d+cambios-sin-commit,reglas,cascada:pysentimiento/robertuito-base-uncased+LR->llama3.2:1b-instruct-q4_K_M,623.536,dificiles/legitima/banco-gasto-sin-pedido.txt,L,3,0,,,,,0,,0.5,,,,,0.168,"t1=0.154,t2=0.126,t3=0.168",0,,880.1,1,1,1,1,"Caso dificil (no entra al oracle). Modo texto. Cabeza LR entrenada con semillas provisorias (turnos ASR de 8 grabaciones AR de YouTube distintas de las de evaluacion + ES-Port legitimo), ver semillas_manifiesto.json. Zona gris 0.35-0.75 (ejemplo de PR #40, sin calibrar): ahi puntua el SLM con historial. No cierra D09. T_A = turno de goteo. T_R = primer incendio. Sin audio: T_C, L_C, Preventive@δ, WER y RTF no aplican.",0/3,
2026-09-28T13:01:47+00:00,9898033a6f4f572f46e61a913a8f72cfcfcc172d+cambios-sin-commit,reglas,cascada:pysentimiento/robertuito-base-uncased+LR->llama3.2:1b-instruct-q4_K_M,623.536,ejemplo.txt,ejemplo,7,1,5,REQUEST_AUTH_CODE,REQUEST_AUTH_CODE,,1,3,0.5,2,3,,,0.928,"t1=0.016,t2=0.928,t3=0.0,t4=0.169,t5=0.213,t6=0.244,t7=0.08",0,codigo,880.1,,,,,"Modo texto. Cabeza LR entrenada con semillas provisorias (turnos ASR de 8 grabaciones AR de YouTube distintas de las de evaluacion + ES-Port legitimo), ver semillas_manifiesto.json. Zona gris 0.35-0.75 (ejemplo de PR #40, sin calibrar): ahi puntua el SLM con historial. No cierra D09. T_A = turno de goteo. T_R = primer incendio. Sin audio: T_C, L_C, Preventive@δ, WER y RTF no aplican.",1/7,
2026-09-28T13:01:47+00:00,9898033a6f4f572f46e61a913a8f72cfcfcc172d+cambios-sin-commit,reglas,cascada:pysentimiento/robertuito-base-uncased+LR->llama3.2:1b-instruct-q4_K_M,623.536,_suite,resumen,26,13/16,,,,13/16,7/16,,0.5,1.5,,,,0.887,L_R_q1=1.0;L_R_q3=2.75,5/10,precision_goteo=0.6363636363636364;recall_goteo=0.4375;f1_goteo=0.5185185185185185;auroc_max_puntaje=0.537;auprc_max_puntaje=0.730,880.1,22/26,24/26,23/26,22/26,"Resumen de los 21 casos mas los 5 dificiles (ejemplo aparte). Semillas provisorias de laboratorio, no corpus ni piloto (#41). precision/recall/F1 del goteo como alerta, V=positivo. mediana de L_R en L_R_turnos. AUROC/AUPRC usan el puntaje maximo del caso. Cascada: 126/523 turnos al SLM (respondio 122); ms p50 encoder=151.9 SLM=3884.2. Incluye las pasadas de robustez.",126/523,860.3
