fecha,commit,detector_incendio,detector_goteo,duracion_s,caso,clase,n_turnos,incendio,T_R_turno,etiquetas_incendio,etiquetas_esperadas,cobertura_etiquetas,goteo,T_A_turno,umbral_goteo,L_R_turnos,latencia_decision_turno,T_C_turno,L_C_turnos,puntaje_max,puntajes,falsa_alarma,terminos_criticos,memoria_pico_mb,typo_ok,robusto_upper,robusto_tildes,robusto_muletilla,nota
2026-09-24T12:04:22-03:00,f2083e4faa4af61d375535c502aa2ec8b45e9a44,reglas,tfidf-stub-semillas,1.62,vishing/banco-codigo.txt,V,7,1,5,REQUEST_AUTH_CODE,REQUEST_AUTH_CODE,1,1,5,0.5,0,5,,,0.631,"t1=0.474,t3=0.628,t5=0.631,t6=0.551",0,codigo,131.4,1,1,1,1,"Modo texto. T_A = turno de goteo (histeresis). T_R = primer incendio. Sin audio: T_C, L_C, Preventive@δ, WER y RTF no aplican."
2026-09-24T12:04:22-03:00,f2083e4faa4af61d375535c502aa2ec8b45e9a44,reglas,tfidf-stub-semillas,1.62,vishing/whatsapp-codigo.txt,V,5,1,3,REQUEST_AUTH_CODE,REQUEST_AUTH_CODE,1,1,3,0.5,0,3,,,0.625,"t1=0.57,t3=0.625,t4=0.553",0,codigo,131.4,1,1,1,1,"Modo texto. T_A = turno de goteo (histeresis). T_R = primer incendio. Sin audio: T_C, L_C, Preventive@δ, WER y RTF no aplican."
2026-09-24T12:04:22-03:00,f2083e4faa4af61d375535c502aa2ec8b45e9a44,reglas,tfidf-stub-semillas,1.62,vishing/acceso-remoto.txt,V,5,1,3,REQUEST_REMOTE_ACCESS,REQUEST_REMOTE_ACCESS,1,1,3,0.5,0,3,,,0.625,"t1=0.575,t3=0.623,t5=0.625",0,,131.4,1,1,1,1,"Modo texto. T_A = turno de goteo (histeresis). T_R = primer incendio. Sin audio: T_C, L_C, Preventive@δ, WER y RTF no aplican."
2026-09-24T12:04:22-03:00,f2083e4faa4af61d375535c502aa2ec8b45e9a44,reglas,tfidf-stub-semillas,1.62,vishing/anses-beneficio.txt,V,5,1,3,REQUEST_SECRET|REQUEST_TRANSFER,REQUEST_SECRET|REQUEST_TRANSFER,1,1,3,0.5,0,3,,,0.631,"t1=0.549,t3=0.626,t5=0.631",0,,131.4,1,1,1,1,"Modo texto. T_A = turno de goteo (histeresis). T_R = primer incendio. Sin audio: T_C, L_C, Preventive@δ, WER y RTF no aplican."
2026-09-24T12:04:22-03:00,f2083e4faa4af61d375535c502aa2ec8b45e9a44,reglas,tfidf-stub-semillas,1.62,vishing/arca-deuda.txt,V,5,1,3,REQUEST_SECRET|REQUEST_SECURITY_ACTION|REQUEST_TRANSFER,REQUEST_SECRET|REQUEST_SECURITY_ACTION|REQUEST_TRANSFER,1,1,5,0.5,-2,3,,,0.624,"t3=0.624,t5=0.622",0,,131.4,1,1,1,1,"Modo texto. T_A = turno de goteo (histeresis). T_R = primer incendio. Sin audio: T_C, L_C, Preventive@δ, WER y RTF no aplican."
2026-09-24T12:04:22-03:00,f2083e4faa4af61d375535c502aa2ec8b45e9a44,reglas,tfidf-stub-semillas,1.62,vishing/familiar-peligro.txt,V,6,1,4,REQUEST_TRANSFER,REQUEST_TRANSFER,1,1,6,0.5,-2,4,,,0.631,"t4=0.631,t6=0.619",0,,131.4,1,1,1,1,"Modo texto. T_A = turno de goteo (histeresis). T_R = primer incendio. Sin audio: T_C, L_C, Preventive@δ, WER y RTF no aplican."
2026-09-24T12:04:22-03:00,f2083e4faa4af61d375535c502aa2ec8b45e9a44,reglas,tfidf-stub-semillas,1.62,vishing/banco-codigo-parafrasis.txt,V,7,1,5,REQUEST_AUTH_CODE,REQUEST_AUTH_CODE,1,1,5,0.5,0,5,,,0.62,"t1=0.581,t5=0.62",0,codigo,131.4,1,1,1,1,"Modo texto. T_A = turno de goteo (histeresis). T_R = primer incendio. Sin audio: T_C, L_C, Preventive@δ, WER y RTF no aplican."
2026-09-24T12:04:22-03:00,f2083e4faa4af61d375535c502aa2ec8b45e9a44,reglas,tfidf-stub-semillas,1.62,vishing/banco-numeros-sin-clave.txt,V,7,1,5,REQUEST_AUTH_CODE,REQUEST_AUTH_CODE,1,1,5,0.5,0,5,,,0.624,"t1=0.558,t5=0.624",0,,131.5,1,1,1,1,"Modo texto. T_A = turno de goteo (histeresis). T_R = primer incendio. Sin audio: T_C, L_C, Preventive@δ, WER y RTF no aplican."
2026-09-24T12:04:22-03:00,f2083e4faa4af61d375535c502aa2ec8b45e9a44,reglas,tfidf-stub-semillas,1.62,vishing/acceso-remoto-parafrasis.txt,V,5,1,3,REQUEST_REMOTE_ACCESS,REQUEST_REMOTE_ACCESS,1,1,3,0.5,0,3,,,0.624,"t1=0.582,t3=0.624",0,,131.5,1,1,1,1,"Modo texto. T_A = turno de goteo (histeresis). T_R = primer incendio. Sin audio: T_C, L_C, Preventive@δ, WER y RTF no aplican."
2026-09-24T12:04:22-03:00,f2083e4faa4af61d375535c502aa2ec8b45e9a44,reglas,tfidf-stub-semillas,1.62,vishing/anses-beneficio-parafrasis.txt,V,5,1,3,REQUEST_SECRET|REQUEST_TRANSFER,REQUEST_SECRET|REQUEST_TRANSFER,1,1,5,0.5,-2,3,,,0.623,"t3=0.619,t5=0.623",0,,131.5,1,1,1,1,"Modo texto. T_A = turno de goteo (histeresis). T_R = primer incendio. Sin audio: T_C, L_C, Preventive@δ, WER y RTF no aplican."
2026-09-24T12:04:22-03:00,f2083e4faa4af61d375535c502aa2ec8b45e9a44,reglas,tfidf-stub-semillas,1.62,vishing/arca-deuda-parafrasis.txt,V,5,1,5,REQUEST_TRANSFER,REQUEST_TRANSFER,1,1,5,0.5,0,5,,,0.628,"t3=0.628,t5=0.612",0,,131.5,1,1,1,1,"Modo texto. T_A = turno de goteo (histeresis). T_R = primer incendio. Sin audio: T_C, L_C, Preventive@δ, WER y RTF no aplican."
2026-09-24T12:04:22-03:00,f2083e4faa4af61d375535c502aa2ec8b45e9a44,reglas,tfidf-stub-semillas,1.62,vishing/familiar-peligro-parafrasis.txt,V,6,1,6,REQUEST_TRANSFER,REQUEST_TRANSFER,1,1,5,0.5,1,5,,,0.609,"t4=0.553,t5=0.609",0,,131.5,1,1,1,1,"Modo texto. T_A = turno de goteo (histeresis). T_R = primer incendio. Sin audio: T_C, L_C, Preventive@δ, WER y RTF no aplican."
2026-09-24T12:04:22-03:00,f2083e4faa4af61d375535c502aa2ec8b45e9a44,reglas,tfidf-stub-semillas,1.62,vishing/whatsapp-codigo-parafrasis.txt,V,5,1,3,REQUEST_AUTH_CODE,REQUEST_AUTH_CODE,1,1,2,0.5,1,2,,,0.633,"t1=0.589,t2=0.633,t3=0.612",0,codigo,131.5,1,1,1,1,"Modo texto. T_A = turno de goteo (histeresis). T_R = primer incendio. Sin audio: T_C, L_C, Preventive@δ, WER y RTF no aplican."
2026-09-24T12:04:22-03:00,f2083e4faa4af61d375535c502aa2ec8b45e9a44,reglas,tfidf-stub-semillas,1.62,legitima/banco-revisa-app.txt,L,5,0,,,,,0,,0.5,,,,,,,0,,131.5,1,1,1,1,"Modo texto. T_A = turno de goteo (histeresis). T_R = primer incendio. Sin audio: T_C, L_C, Preventive@δ, WER y RTF no aplican."
2026-09-24T12:04:22-03:00,f2083e4faa4af61d375535c502aa2ec8b45e9a44,reglas,tfidf-stub-semillas,1.62,legitima/mensajeria-no-pases-nada.txt,L,5,0,,,,,0,,0.5,,,,,,,0,,131.5,1,1,1,1,"Modo texto. T_A = turno de goteo (histeresis). T_R = primer incendio. Sin audio: T_C, L_C, Preventive@δ, WER y RTF no aplican."
2026-09-24T12:04:22-03:00,f2083e4faa4af61d375535c502aa2ec8b45e9a44,reglas,tfidf-stub-semillas,1.62,legitima/no-bajes-nada.txt,L,4,0,,,,,0,,0.5,,,,,0.411,t3=0.411,0,,131.5,1,1,1,1,"Modo texto. T_A = turno de goteo (histeresis). T_R = primer incendio. Sin audio: T_C, L_C, Preventive@δ, WER y RTF no aplican."
2026-09-24T12:04:22-03:00,f2083e4faa4af61d375535c502aa2ec8b45e9a44,reglas,tfidf-stub-semillas,1.62,legitima/anses-canal-oficial.txt,L,5,0,,,,,0,,0.5,,,,,,,0,,131.5,1,1,1,1,"Modo texto. T_A = turno de goteo (histeresis). T_R = primer incendio. Sin audio: T_C, L_C, Preventive@δ, WER y RTF no aplican."
2026-09-24T12:04:22-03:00,f2083e4faa4af61d375535c502aa2ec8b45e9a44,reglas,tfidf-stub-semillas,1.62,legitima/arca-canal-oficial.txt,L,5,0,,,,,0,,0.5,,,,,,,0,,131.5,1,1,1,1,"Modo texto. T_A = turno de goteo (histeresis). T_R = primer incendio. Sin audio: T_C, L_C, Preventive@δ, WER y RTF no aplican."
2026-09-24T12:04:22-03:00,f2083e4faa4af61d375535c502aa2ec8b45e9a44,reglas,tfidf-stub-semillas,1.62,legitima/familiar-llama-vos.txt,L,5,0,,,,,0,,0.5,,,,,,,0,,131.5,1,1,1,1,"Modo texto. T_A = turno de goteo (histeresis). T_R = primer incendio. Sin audio: T_C, L_C, Preventive@δ, WER y RTF no aplican."
2026-09-24T12:04:22-03:00,f2083e4faa4af61d375535c502aa2ec8b45e9a44,reglas,tfidf-stub-semillas,1.62,legitima/banco-niega-el-codigo.txt,L,2,0,,,,,0,,0.5,,,,,,,0,codigo,131.5,1,1,1,1,"Modo texto. T_A = turno de goteo (histeresis). T_R = primer incendio. Sin audio: T_C, L_C, Preventive@δ, WER y RTF no aplican."
2026-09-24T12:04:22-03:00,f2083e4faa4af61d375535c502aa2ec8b45e9a44,reglas,tfidf-stub-semillas,1.62,legitima/banco-app-parafrasis.txt,L,5,0,,,,,0,,0.5,,,,,,,0,,131.5,1,1,1,1,"Modo texto. T_A = turno de goteo (histeresis). T_R = primer incendio. Sin audio: T_C, L_C, Preventive@δ, WER y RTF no aplican."
2026-09-24T12:04:22-03:00,f2083e4faa4af61d375535c502aa2ec8b45e9a44,reglas,tfidf-stub-semillas,1.62,ejemplo.txt,ejemplo,7,1,5,REQUEST_AUTH_CODE,REQUEST_AUTH_CODE,,1,3,0.5,2,3,,,0.653,"t1=0.591,t3=0.562,t5=0.653",0,codigo,131.5,,,,,"Modo texto. T_A = turno de goteo (histeresis). T_R = primer incendio. Sin audio: T_C, L_C, Preventive@δ, WER y RTF no aplican."
2026-09-24T12:48:59-03:00,f2083e4faa4af61d375535c502aa2ec8b45e9a44,reglas,tfidf-stub-semillas,0.265,dificiles/vishing/digitos-sin-palabra.txt,V,5,0,,,REQUEST_AUTH_CODE,0,0,,0.5,,,,,0.439,t1=0.439,0,,132.4,0,1,1,1,"Caso dificil agregado el 2026-09-24. Modo texto. TF-IDF + regresion logistica sobre semillas.json inventadas. No cierra D09. T_A = turno de goteo. T_R = primer incendio. Sin audio: T_C, L_C, Preventive@δ, WER y RTF no aplican."
2026-09-24T12:48:59-03:00,f2083e4faa4af61d375535c502aa2ec8b45e9a44,reglas,tfidf-stub-semillas,0.265,dificiles/vishing/pantalla-sin-programa.txt,V,5,0,,,REQUEST_REMOTE_ACCESS,0,0,,0.5,,,,,,,0,,132.4,0,1,1,1,"Caso dificil agregado el 2026-09-24. Modo texto. TF-IDF + regresion logistica sobre semillas.json inventadas. No cierra D09. T_A = turno de goteo. T_R = primer incendio. Sin audio: T_C, L_C, Preventive@δ, WER y RTF no aplican."
2026-09-24T12:48:59-03:00,f2083e4faa4af61d375535c502aa2ec8b45e9a44,reglas,tfidf-stub-semillas,0.265,dificiles/vishing/giro-sin-plata.txt,V,5,0,,,REQUEST_TRANSFER,0,0,,0.5,,,,,0.631,t3=0.631,0,,132.4,0,1,1,1,"Caso dificil agregado el 2026-09-24. Modo texto. TF-IDF + regresion logistica sobre semillas.json inventadas. No cierra D09. T_A = turno de goteo. T_R = primer incendio. Sin audio: T_C, L_C, Preventive@δ, WER y RTF no aplican."
2026-09-24T12:48:59-03:00,f2083e4faa4af61d375535c502aa2ec8b45e9a44,reglas,tfidf-stub-semillas,0.265,dificiles/legitima/portero-codigo-puerta.txt,L,2,1,1,REQUEST_AUTH_CODE,,,0,,0.5,,1,,,0.496,t1=0.496,1,codigo,132.4,0,1,1,1,"Caso dificil agregado el 2026-09-24. Modo texto. TF-IDF + regresion logistica sobre semillas.json inventadas. No cierra D09. T_A = turno de goteo. T_R = primer incendio. Sin audio: T_C, L_C, Preventive@δ, WER y RTF no aplican."
2026-09-24T12:48:59-03:00,f2083e4faa4af61d375535c502aa2ec8b45e9a44,reglas,tfidf-stub-semillas,0.265,dificiles/legitima/banco-gasto-sin-pedido.txt,L,3,0,,,,,0,,0.5,,,,,0.616,t1=0.616,0,,132.4,1,1,1,1,"Caso dificil agregado el 2026-09-24. Modo texto. TF-IDF + regresion logistica sobre semillas.json inventadas. No cierra D09. T_A = turno de goteo. T_R = primer incendio. Sin audio: T_C, L_C, Preventive@δ, WER y RTF no aplican."
2026-09-24T12:48:59-03:00,f2083e4faa4af61d375535c502aa2ec8b45e9a44,reglas,tfidf-stub-semillas,0.265,_suite,resumen,26,13/16,,,,13/16,13/16,,0.5,0.0,,,,0.616,L_R_q1=0.0;L_R_q3=0.0,1/10,precision_goteo=1.0;recall_goteo=0.8125;f1_goteo=0.896551724137931;auroc_max_puntaje=0.941;auprc_max_puntaje=0.964,131.4,22/26,26/26,26/26,26/26,"Resumen de los 21 casos, ejemplo aparte, mas los 5 dificiles. Los dificiles no entran al oracle de chequear_casos.py. 24 frases inventadas: no sustituyen al corpus ni al piloto. duracion_s de esta pasada (solo dificiles)=0.265."
